FeederId,FeederName,CSV_LineSection,ICA_Analysis_Date,LoadCapacity_kW,GenCapacity_kW,GenericPVCapacity_kW,GenCapacity_no_OpFlex_kW,GenericCapacity_no_OpFlex_kW
12330401,MIRA VISTA 0401,3445862,Oct-22,960,230,320,250,3840
12330403,MIRA VISTA 0403,3972791,Feb-22,0,90,120,90,120
12330403,MIRA VISTA 0403,4020206,Feb-22,0,80,110,80,110
12330403,MIRA VISTA 0403,3547534,Feb-22,0,90,110,90,110
12330403,MIRA VISTA 0403,3540826,Feb-22,0,90,120,90,120
12330403,MIRA VISTA 0403,3740772,Feb-22,0,90,120,90,120
12330403,MIRA VISTA 0403,4066475,Feb-22,0,90,120,90,120
12330403,MIRA VISTA 0403,4707112,Feb-22,0,90,120,90,120
12330403,MIRA VISTA 0403,3647046,Feb-22,0,90,120,90,120
12330403,MIRA VISTA 0403,3793710,Feb-22,0,90,120,90,120
12501101,EL CERRITO G 1101,3114690,Jun-22,950,1130,1540,1340,1660
12501101,EL CERRITO G 1101,4182955,Jun-22,830,1100,1350,1100,1350
12501101,EL CERRITO G 1101,3157294,Jun-22,830,1100,1350,1100,1350
12501101,EL CERRITO G 1101,3550027,Jun-22,390,530,650,530,650
12501101,EL CERRITO G 1101,4127041,Jun-22,950,1130,1540,1340,1660
12501101,EL CERRITO G 1101,3625423,Jun-22,830,1100,1350,1100,1350
12501101,EL CERRITO G 1101,3378530,Jun-22,3200,1130,1540,5820,8400
12501101,EL CERRITO G 1101,5016061,Jun-22,600,690,920,690,920
12501101,EL CERRITO G 1101,4071517,Jun-22,950,1130,1540,1340,1660
12501101,EL CERRITO G 1101,4231886,Jun-22,600,690,920,690,920
12501101,EL CERRITO G 1101,3413665,Jun-22,950,1130,1540,1340,1660
12501101,EL CERRITO G 1101,4111696,Jun-22,950,1130,1540,1340,1660
12501101,EL CERRITO G 1101,5224054,Jun-22,180,210,260,210,260
12501101,EL CERRITO G 1101,3258379,Jun-22,600,690,920,690,920
12501101,EL CERRITO G 1101,3712655,Jun-22,3200,1130,1540,5560,8410
12501101,EL CERRITO G 1101,4053731,Jun-22,3160,1130,1540,6020,8390
12501101,EL CERRITO G 1101,3669989,Jun-22,3210,1130,1540,5960,8400
12501101,EL CERRITO G 1101,3936900,Jun-22,950,1130,1540,1290,1600
12501101,EL CERRITO G 1101,4687124,Jun-22,2300,1130,1540,2900,3530
12501101,EL CERRITO G 1101,3758375,Jun-22,3870,1130,1540,7200,10000
12501101,EL CERRITO G 1101,4596066,Jun-22,3720,1130,1540,6730,9200
12501101,EL CERRITO G 1101,4920145,Jun-22,3200,1130,1540,5540,8410
12501101,EL CERRITO G 1101,3182195,Jun-22,600,1130,1540,1250,1590
12501101,EL CERRITO G 1101,5229590,Jun-22,600,690,920,690,920
12501101,EL CERRITO G 1101,5138989,Jun-22,600,1130,1540,1250,1590
12501101,EL CERRITO G 1101,4685967,Jun-22,510,580,710,580,710
12501101,EL CERRITO G 1101,3570464,Jun-22,150,280,370,280,370
12501101,EL CERRITO G 1101,3961107,Jun-22,950,1130,1540,1340,1660
12501101,EL CERRITO G 1101,4379414,Jun-22,950,1130,1540,1340,1660
12501101,EL CERRITO G 1101,3498566,Jun-22,830,1100,1350,1100,1350
12501101,EL CERRITO G 1101,4117726,Jun-22,470,660,830,660,830
12501101,EL CERRITO G 1101,4271451,Jun-22,600,1130,1540,1250,1600
12501101,EL CERRITO G 1101,3071692,Jun-22,600,690,920,690,920
12501101,EL CERRITO G 1101,3586136,Jun-22,600,690,920,690,920
12501101,EL CERRITO G 1101,4800020,Jun-22,830,1100,1350,1100,1350
12501101,EL CERRITO G 1101,4969232,Jun-22,3150,1130,1540,5630,8410
12501101,EL CERRITO G 1101,4350283,Jun-22,550,690,920,690,920
12501101,EL CERRITO G 1101,5089853,Jun-22,3040,1130,1540,3810,4660
12501101,EL CERRITO G 1101,4952851,Jun-22,670,1130,1540,1490,1830
12501101,EL CERRITO G 1101,4449635,Jun-22,670,1130,1540,1630,2130
12501101,EL CERRITO G 1101,4542368,Jun-22,670,1130,1540,1640,2040
12501101,EL CERRITO G 1101,3793437,Jun-22,720,1130,1540,1630,2120
12501101,EL CERRITO G 1101,4381628,Jun-22,720,1130,1540,1630,2130
12501101,EL CERRITO G 1101,4606759,Jun-22,670,1130,1540,1630,2130
12501101,EL CERRITO G 1101,4022452,Jun-22,720,1130,1540,1450,1780
12501101,EL CERRITO G 1101,4449859,Jun-22,720,1130,1540,1520,1870
12501101,EL CERRITO G 1101,4647758,Jun-22,670,1130,1540,1630,2130
12501101,EL CERRITO G 1101,4142536,Jun-22,720,1130,1540,1570,1940
12501101,EL CERRITO G 1101,3183295,Jun-22,670,1130,1540,1400,1720
12501101,EL CERRITO G 1101,4222401,Jun-22,250,320,390,320,390
12501101,EL CERRITO G 1101,4284696,Jun-22,670,1130,1540,1630,2120
12501101,EL CERRITO G 1101,3826881,Jun-22,390,530,650,530,650
12501101,EL CERRITO G 1101,4825690,Jun-22,210,320,390,320,390
12501101,EL CERRITO G 1101,3956012,Jun-22,410,690,860,690,860
12501101,EL CERRITO G 1101,3100160,Jun-22,410,690,860,690,860
12501101,EL CERRITO G 1101,4790523,Jun-22,670,1130,1540,1630,2120
12501101,EL CERRITO G 1101,5039826,Jun-22,410,690,860,690,860
12501101,EL CERRITO G 1101,4485902,Jun-22,740,1060,1310,1060,1310
12501101,EL CERRITO G 1101,3706536,Jun-22,410,690,860,690,860
12501101,EL CERRITO G 1101,3820373,Jun-22,720,1130,1540,1620,2120
12501101,EL CERRITO G 1101,3328771,Jun-22,560,1130,1540,1380,1730
12501101,EL CERRITO G 1101,3616393,Jun-22,560,1130,1540,1380,1730
12501101,EL CERRITO G 1101,4210849,Jun-22,700,850,1050,850,1050
12501101,EL CERRITO G 1101,5120190,Jun-22,700,850,1050,850,1050
12501101,EL CERRITO G 1101,4465992,Jun-22,670,1130,1540,1620,2120
12501101,EL CERRITO G 1101,4461187,Jun-22,260,320,390,320,390
12501101,EL CERRITO G 1101,3794024,Jun-22,720,1130,1540,1620,2120
12501101,EL CERRITO G 1101,3850558,Jun-22,720,1130,1540,1630,2120
12501101,EL CERRITO G 1101,3576027,Jun-22,670,1130,1540,1630,2120
12501101,EL CERRITO G 1101,4343059,Jun-22,410,690,860,690,860
12501101,EL CERRITO G 1101,3339862,Jun-22,400,450,570,450,570
12501101,EL CERRITO G 1101,5095895,Jun-22,790,1060,1310,1060,1310
12501101,EL CERRITO G 1101,3703177,Jun-22,790,1060,1310,1060,1310
12501101,EL CERRITO G 1101,3764019,Jun-22,390,530,650,530,650
12501101,EL CERRITO G 1101,4114815,Jun-22,720,1130,1540,1630,2130
12501101,EL CERRITO G 1101,3429381,Jun-22,400,450,570,450,570
12501101,EL CERRITO G 1101,4825606,Jun-22,410,690,860,690,860
12501101,EL CERRITO G 1101,4277942,Jun-22,670,1130,1540,1540,1900
12501101,EL CERRITO G 1101,4370686,Jun-22,3300,1130,1540,3220,6720
12501101,EL CERRITO G 1101,3900828,Jun-22,1120,1130,1540,1860,2350
12501101,EL CERRITO G 1101,4355904,Jun-22,3680,1130,1540,3590,7510
12501101,EL CERRITO G 1101,3772790,Jun-22,3910,1130,1540,3880,8120
12501101,EL CERRITO G 1101,3684794,Jun-22,1120,1130,1540,1850,2350
12501101,EL CERRITO G 1101,3374393,Jun-22,3930,1130,1540,4430,9320
12501101,EL CERRITO G 1101,4172599,Jun-22,3270,1130,1540,3230,6750
12501101,EL CERRITO G 1101,3341732,Jun-22,750,1050,1390,1050,1390
12501101,EL CERRITO G 1101,3506430,Jun-22,740,1050,1400,1050,1400
12501101,EL CERRITO G 1101,5231910,Jun-22,1110,1130,1540,1860,2350
12501101,EL CERRITO G 1101,4907473,Jun-22,1070,1130,1540,1860,2350
12501101,EL CERRITO G 1101,3728666,Jun-22,1120,1130,1540,1850,2350
12501101,EL CERRITO G 1101,3258703,Jun-22,690,1050,1400,1050,1400
12501101,EL CERRITO G 1101,4911650,Jun-22,690,1050,1390,1050,1390
12501101,EL CERRITO G 1101,4087329,Jun-22,1110,1130,1540,1860,2350
12501101,EL CERRITO G 1101,4441595,Jun-22,2140,1130,1540,2630,3220
12501102,EL CERRITO G 1102,5111910,Mar-22,2340,0,0,5710,6920
12501102,EL CERRITO G 1102,3212397,Mar-22,2340,0,0,5650,6850
12501102,EL CERRITO G 1102,3807493,Mar-22,2700,0,0,7850,10000
12501102,EL CERRITO G 1102,4280306,Mar-22,2710,0,0,7840,10000
12501102,EL CERRITO G 1102,4988379,Mar-22,1680,0,0,3210,3940
12501102,EL CERRITO G 1102,4294633,Mar-22,1680,0,0,3210,3950
12501102,EL CERRITO G 1102,3158762,Mar-22,1060,0,0,1350,1650
12501102,EL CERRITO G 1102,4950308,Mar-22,1680,0,0,3210,3940
12501102,EL CERRITO G 1102,3390850,Mar-22,650,0,0,840,1040
12501102,EL CERRITO G 1102,3476226,Mar-22,1600,0,0,5100,7400
12501102,EL CERRITO G 1102,4637282,Mar-22,270,0,0,310,380
12501102,EL CERRITO G 1102,4988368,Mar-22,650,0,0,840,1040
12501102,EL CERRITO G 1102,4710342,Mar-22,650,0,0,840,1040
12501102,EL CERRITO G 1102,4313358,Mar-22,1680,0,0,3210,3940
12501102,EL CERRITO G 1102,4238426,Mar-22,1060,0,0,1350,1650
12501102,EL CERRITO G 1102,4260866,Mar-22,1550,0,0,4900,7050
12501102,EL CERRITO G 1102,4981508,Mar-22,1060,0,0,1350,1650
12501102,EL CERRITO G 1102,3131757,Mar-22,1060,0,0,1350,1650
12501102,EL CERRITO G 1102,4931614,Mar-22,1600,0,0,5030,7360
12501102,EL CERRITO G 1102,5129189,Mar-22,1380,0,0,2140,2780
12501102,EL CERRITO G 1102,3217629,Mar-22,1060,0,0,1350,1650
12501102,EL CERRITO G 1102,4092782,Mar-22,1760,0,0,1900,2300
12501102,EL CERRITO G 1102,3872905,Mar-22,1060,0,0,1350,1650
12501102,EL CERRITO G 1102,3923593,Mar-22,2340,0,0,5710,6930
12501102,EL CERRITO G 1102,3458010,Mar-22,2060,0,0,6180,8580
12501102,EL CERRITO G 1102,5271379,Mar-22,2160,0,0,6470,9000
12501102,EL CERRITO G 1102,4000977,Mar-22,2680,0,0,7340,10000
12501106,EL CERRITO G 1106,4411741,Oct-22,1460,1700,2430,7850,9810
12501106,EL CERRITO G 1106,3630292,Oct-22,1490,1700,2430,7850,9810
12501106,EL CERRITO G 1106,4556810,Oct-22,1450,1700,2430,2150,2640
12501106,EL CERRITO G 1106,3828987,Oct-22,1210,1700,2430,2170,2670
12501106,EL CERRITO G 1106,4580838,Oct-22,1650,1700,2430,7840,9800
12501106,EL CERRITO G 1106,4495650,Oct-22,1450,1700,2430,2190,2720
12501106,EL CERRITO G 1106,5058342,Oct-22,1460,1700,2430,2140,2630
12501106,EL CERRITO G 1106,4106035,Oct-22,1750,1700,2430,7820,9790
12501106,EL CERRITO G 1106,3477324,Oct-22,1750,1700,2430,7830,9790
12501106,EL CERRITO G 1106,3514648,Oct-22,1750,1700,2430,7820,9790
12501106,EL CERRITO G 1106,3589496,Oct-22,1390,1700,2430,7860,9820
12501106,EL CERRITO G 1106,4944706,Oct-22,1740,1700,2430,7830,9800
12501106,EL CERRITO G 1106,5144913,Oct-22,1750,1700,2430,7830,9790
12501106,EL CERRITO G 1106,5071480,Oct-22,1450,1700,2430,7850,9810
12501106,EL CERRITO G 1106,3624402,Oct-22,1460,1700,2430,2150,2640
12501106,EL CERRITO G 1106,4649485,Oct-22,1230,1700,2430,2170,2660
12501106,EL CERRITO G 1106,3556950,Oct-22,1460,1700,2430,2150,2630
12501106,EL CERRITO G 1106,4752439,Oct-22,1450,1700,2430,2150,2650
12501106,EL CERRITO G 1106,3091974,Oct-22,1450,1700,2430,2160,2650
12501106,EL CERRITO G 1106,4327638,Oct-22,1320,1700,2430,2170,2660
12501106,EL CERRITO G 1106,4745018,Oct-22,1570,1700,2430,7840,9810
12501106,EL CERRITO G 1106,3635989,Oct-22,1600,1700,2430,7840,9810
12501106,EL CERRITO G 1106,4233640,Oct-22,1450,1700,2430,2880,3560
12501106,EL CERRITO G 1106,4482002,Oct-22,1460,1700,2430,2830,3470
12501106,EL CERRITO G 1106,3892349,Oct-22,1740,1700,2430,7830,9800
12501106,EL CERRITO G 1106,3146613,Oct-22,1260,1700,2430,2170,2660
12501106,EL CERRITO G 1106,5141826,Oct-22,1690,1700,2430,7840,9800
12501106,EL CERRITO G 1106,3588402,Oct-22,1690,1700,2430,7840,9800
12501106,EL CERRITO G 1106,4259421,Oct-22,1740,1700,2430,7830,9800
12501106,EL CERRITO G 1106,4951583,Oct-22,1670,1700,2430,7840,9800
12501111,EL CERRITO G 1111,3752619,Mar-22,880,930,1500,930,1600
12501111,EL CERRITO G 1111,4101882,Mar-22,880,940,1500,940,1610
12501111,EL CERRITO G 1111,3544094,Mar-22,890,930,1500,930,1600
12501111,EL CERRITO G 1111,3131391,Mar-22,880,930,1500,930,1600
12501111,EL CERRITO G 1111,4147733,Mar-22,880,930,1500,930,1600
12501111,EL CERRITO G 1111,4910969,Mar-22,300,450,570,450,570
12501111,EL CERRITO G 1111,5194273,Mar-22,890,930,1500,930,1600
12501111,EL CERRITO G 1111,5080109,Mar-22,360,500,690,500,690
12501111,EL CERRITO G 1111,5060560,Mar-22,890,930,1500,930,1600
12501111,EL CERRITO G 1111,4402868,Mar-22,2770,900,1500,900,4700
12501111,EL CERRITO G 1111,4549920,Mar-22,590,890,1090,890,1090
12501111,EL CERRITO G 1111,4430425,Mar-22,2850,950,1500,950,4920
12501111,EL CERRITO G 1111,3069223,Mar-22,890,930,1500,930,1600
12501111,EL CERRITO G 1111,3311578,Mar-22,360,500,690,500,690
12501111,EL CERRITO G 1111,3090546,Mar-22,480,650,820,650,820
12501111,EL CERRITO G 1111,4076150,Mar-22,570,890,1090,890,1090
12501111,EL CERRITO G 1111,3585796,Mar-22,510,650,800,650,800
12501111,EL CERRITO G 1111,5182732,Mar-22,2640,1120,1500,2030,2920
12501111,EL CERRITO G 1111,3432208,Mar-22,300,450,570,450,570
12501111,EL CERRITO G 1111,3335338,Mar-22,1860,1120,1500,1420,2070
12501111,EL CERRITO G 1111,3749055,Mar-22,890,930,1500,930,1600
12501111,EL CERRITO G 1111,4525654,Mar-22,970,1120,1500,1240,1550
12501111,EL CERRITO G 1111,5204251,Mar-22,940,0,0,0,0
12501111,EL CERRITO G 1111,5249546,Mar-22,300,450,570,450,570
12501111,EL CERRITO G 1111,5255770,Mar-22,590,890,1090,890,1090
12501111,EL CERRITO G 1111,5293477,Mar-22,590,890,1090,890,1090
12501111,EL CERRITO G 1111,5337792,Mar-22,590,890,1090,890,1090
12501111,EL CERRITO G 1111,5338365,Mar-22,590,890,1090,890,1090
12501111,EL CERRITO G 1111,5338187,Mar-22,590,890,1090,890,1090
12501111,EL CERRITO G 1111,3573094,Mar-22,2850,960,1500,960,5020
12501111,EL CERRITO G 1111,3201426,Mar-22,710,840,1030,840,1030
12501111,EL CERRITO G 1111,3391627,Mar-22,2660,860,1500,860,4450
12501111,EL CERRITO G 1111,3079088,Mar-22,2660,860,1500,860,4460
12501111,EL CERRITO G 1111,3986439,Mar-22,2610,0,0,820,4260
12501111,EL CERRITO G 1111,4349207,Mar-22,2820,930,1500,930,4840
12501111,EL CERRITO G 1111,4890152,Mar-22,970,1120,1500,1230,1550
12501111,EL CERRITO G 1111,5079474,Mar-22,970,1120,1500,1240,1550
12501111,EL CERRITO G 1111,4817621,Mar-22,360,500,690,500,690
12501111,EL CERRITO G 1111,4441394,Mar-22,830,880,1500,880,1610
12501111,EL CERRITO G 1111,3046258,Mar-22,300,450,570,450,570
12501111,EL CERRITO G 1111,4302213,Mar-22,260,320,390,320,390
12501111,EL CERRITO G 1111,3712954,Mar-22,2850,930,1500,930,4840
12501111,EL CERRITO G 1111,4307486,Mar-22,2720,860,1500,860,4460
12501111,EL CERRITO G 1111,3638533,Mar-22,510,650,800,650,800
12501111,EL CERRITO G 1111,4435769,Mar-22,1870,1120,1500,1430,2080
12501111,EL CERRITO G 1111,3771316,Mar-22,200,260,320,260,320
12501111,EL CERRITO G 1111,3054389,Mar-22,890,930,1500,930,1600
12501111,EL CERRITO G 1111,4710868,Mar-22,360,500,690,500,690
12501111,EL CERRITO G 1111,3996195,Mar-22,890,930,1500,930,1600
12501111,EL CERRITO G 1111,3305312,Mar-22,890,930,1500,930,1600
12501111,EL CERRITO G 1111,3400630,Mar-22,970,1120,1500,1240,1550
12501111,EL CERRITO G 1111,4176884,Mar-22,300,450,570,450,570
12501111,EL CERRITO G 1111,3229926,Mar-22,660,880,1100,880,1100
12501111,EL CERRITO G 1111,5131807,Mar-22,890,930,1500,930,1600
12501111,EL CERRITO G 1111,3725553,Mar-22,510,650,800,650,800
12501111,EL CERRITO G 1111,5191098,Mar-22,480,650,820,650,820
12501111,EL CERRITO G 1111,4363220,Mar-22,110,180,240,180,240
12501111,EL CERRITO G 1111,4477600,Mar-22,610,880,1100,880,1100
12501111,EL CERRITO G 1111,4787001,Mar-22,890,930,1500,930,1600
12501111,EL CERRITO G 1111,3964079,Mar-22,2700,880,1500,880,4540
12501111,EL CERRITO G 1111,4158500,Mar-22,590,890,1090,890,1090
12501111,EL CERRITO G 1111,4321848,Mar-22,660,880,1100,880,1100
12501111,EL CERRITO G 1111,4657240,Mar-22,350,500,690,500,690
12501111,EL CERRITO G 1111,3203376,Mar-22,360,500,690,500,690
12501111,EL CERRITO G 1111,3535140,Mar-22,970,1120,1500,1190,1550
12501111,EL CERRITO G 1111,4128830,Mar-22,1810,1120,1500,1420,2070
12501111,EL CERRITO G 1111,4129358,Mar-22,4230,1120,1500,2800,4040
12501111,EL CERRITO G 1111,4608944,Mar-22,3140,1120,1500,2210,3190
12501111,EL CERRITO G 1111,5051927,Mar-22,2630,1120,1500,2220,3200
12501111,EL CERRITO G 1111,4405178,Mar-22,3090,1120,1500,2210,3200
12501111,EL CERRITO G 1111,4159735,Mar-22,3050,1120,1500,2140,3090
12501111,EL CERRITO G 1111,4323287,Mar-22,3260,1120,1500,2320,3350
12501111,EL CERRITO G 1111,4421415,Mar-22,1370,1120,1500,2060,2840
12501111,EL CERRITO G 1111,3919491,Mar-22,3100,1060,1500,1060,5560
12501111,EL CERRITO G 1111,4804275,Mar-22,2600,1120,1500,2040,2930
12501111,EL CERRITO G 1111,3257957,Mar-22,1320,1120,1500,2200,2840
12501111,EL CERRITO G 1111,3565412,Mar-22,1360,1120,1500,1470,2130
12501111,EL CERRITO G 1111,5148991,Mar-22,1360,1120,1500,1420,2070
12501111,EL CERRITO G 1111,3311326,Mar-22,1320,1120,1500,1790,2590
12501111,EL CERRITO G 1111,5112283,Mar-22,1360,1120,1500,1550,2250
12501111,EL CERRITO G 1111,3348299,Mar-22,4350,1120,1500,2930,4220
12501111,EL CERRITO G 1111,5080578,Mar-22,1330,1120,1500,1340,1950
12501111,EL CERRITO G 1111,5173725,Mar-22,2940,960,1500,960,5020
12501111,EL CERRITO G 1111,3038380,Mar-22,2500,1120,1500,1930,2760
12501111,EL CERRITO G 1111,4291474,Mar-22,1330,1120,1500,1460,2120
12501111,EL CERRITO G 1111,4198024,Mar-22,3210,1100,1500,1100,5730
12501111,EL CERRITO G 1111,4510359,Mar-22,3100,1040,1500,1040,5440
12501111,EL CERRITO G 1111,3242997,Mar-22,2340,1060,1500,1060,3510
12501111,EL CERRITO G 1111,4031190,Mar-22,4530,1120,1500,3150,4540
12501111,EL CERRITO G 1111,4855494,Mar-22,2380,1120,1500,1770,2540
12501111,EL CERRITO G 1111,3346195,Mar-22,3130,1100,1500,1100,5730
12501111,EL CERRITO G 1111,3638078,Mar-22,4490,1120,1500,3040,4380
12501111,EL CERRITO G 1111,4438512,Mar-22,3330,1120,1500,2390,3450
12501111,EL CERRITO G 1111,3617621,Mar-22,3120,1100,1500,1100,4570
12501111,EL CERRITO G 1111,4624421,Mar-22,610,880,1100,880,1100
12501111,EL CERRITO G 1111,4395445,Mar-22,1360,1120,1500,1510,2190
12501111,EL CERRITO G 1111,3521688,Mar-22,1310,1120,1500,1260,1840
12501111,EL CERRITO G 1111,4953094,Mar-22,1810,1120,1500,1420,2070
12501111,EL CERRITO G 1111,3772985,Mar-22,590,890,1090,890,1090
12501111,EL CERRITO G 1111,3289346,Mar-22,590,890,1090,890,1090
12501111,EL CERRITO G 1111,3073374,Mar-22,2620,1120,1500,1860,2690
12501111,EL CERRITO G 1111,4950749,Mar-22,2850,1120,1500,2010,2900
12501111,EL CERRITO G 1111,3175333,Mar-22,2740,1120,1500,1910,2760
12501111,EL CERRITO G 1111,4749128,Mar-22,210,320,390,320,390
12501111,EL CERRITO G 1111,4747809,Mar-22,90,170,210,170,210
12501111,EL CERRITO G 1111,4601119,Mar-22,1850,1120,1500,1630,2340
12501111,EL CERRITO G 1111,3480978,Mar-22,2850,960,1500,960,5020
12501111,EL CERRITO G 1111,3271946,Mar-22,260,320,390,320,390
12501111,EL CERRITO G 1111,4422863,Mar-22,210,320,390,320,390
12501111,EL CERRITO G 1111,5037494,Mar-22,4540,1120,1500,3240,4670
12501111,EL CERRITO G 1111,3236747,Mar-22,920,1120,1500,1230,1550
12501111,EL CERRITO G 1111,3706808,Mar-22,2420,1120,1500,1770,2530
12501111,EL CERRITO G 1111,4560412,Mar-22,3040,1120,1500,2130,3080
12501111,EL CERRITO G 1111,3338330,Mar-22,3410,1120,1500,2460,3550
12501111,EL CERRITO G 1111,4137827,Mar-22,2870,960,1500,960,5030
12501111,EL CERRITO G 1111,4467601,Mar-22,1900,1120,1500,1690,2430
12501111,EL CERRITO G 1111,4875188,Mar-22,970,1120,1500,1230,1540
12501111,EL CERRITO G 1111,3367579,Mar-22,2680,1120,1500,2210,3180
12501111,EL CERRITO G 1111,3729857,Mar-22,2540,1120,1500,2120,3050
12501111,EL CERRITO G 1111,5108367,Mar-22,2680,1120,1500,2220,3190
12501111,EL CERRITO G 1111,3056570,Mar-22,2930,1120,1500,2060,2970
12501111,EL CERRITO G 1111,4056944,Mar-22,260,320,390,320,390
12501111,EL CERRITO G 1111,5045292,Mar-22,2680,1120,1500,2220,3200
12501111,EL CERRITO G 1111,4197074,Mar-22,2680,1120,1500,2220,3200
12501111,EL CERRITO G 1111,4695774,Mar-22,2220,1120,1500,1560,2260
12501111,EL CERRITO G 1111,3093375,Mar-22,2830,1120,1500,2220,3210
12501111,EL CERRITO G 1111,4093438,Mar-22,1820,1120,1500,1320,1920
12501111,EL CERRITO G 1111,3789165,Mar-22,1370,1120,1500,2200,2830
12501111,EL CERRITO G 1111,3309299,Mar-22,590,890,1090,890,1090
12501111,EL CERRITO G 1111,3165283,Mar-22,360,500,690,500,690
12501111,EL CERRITO G 1111,3661510,Mar-22,3440,1120,1500,2450,3540
12501111,EL CERRITO G 1111,4038925,Mar-22,310,500,690,500,690
12501111,EL CERRITO G 1111,3700296,Mar-22,1320,1120,1500,2200,2830
12501111,EL CERRITO G 1111,3308731,Mar-22,2800,960,1500,960,5040
12501111,EL CERRITO G 1111,3196163,Mar-22,3440,1120,1500,2490,3590
12501111,EL CERRITO G 1111,3791690,Mar-22,970,1120,1500,1240,1550
12501111,EL CERRITO G 1111,4678871,Mar-22,970,1120,1500,1240,1550
12501111,EL CERRITO G 1111,3979157,Mar-22,970,1120,1500,1240,1550
12501111,EL CERRITO G 1111,3694057,Mar-22,3400,1120,1500,2490,3590
12501111,EL CERRITO G 1111,3933007,Mar-22,150,260,320,260,320
12501111,EL CERRITO G 1111,4753462,Mar-22,260,320,390,320,390
12501111,EL CERRITO G 1111,4582857,Mar-22,450,530,650,530,650
12501111,EL CERRITO G 1111,4728140,Mar-22,450,530,650,530,650
12501111,EL CERRITO G 1111,5134798,Mar-22,710,840,1030,840,1030
12501111,EL CERRITO G 1111,4989640,Mar-22,2790,960,1500,960,5030
12501111,EL CERRITO G 1111,3245042,Mar-22,1430,1120,1500,2440,3160
12501111,EL CERRITO G 1111,3738643,Mar-22,1480,1120,1500,2370,2900
12501111,EL CERRITO G 1111,3258206,Mar-22,4560,1120,1500,3850,5560
12501111,EL CERRITO G 1111,3884744,Mar-22,4570,1120,1500,4160,6000
12501111,EL CERRITO G 1111,3128423,Mar-22,2210,1120,1500,1590,2300
12501111,EL CERRITO G 1111,5186860,Mar-22,590,890,1090,890,1090
12501111,EL CERRITO G 1111,4930442,Mar-22,590,890,1090,890,1090
12501111,EL CERRITO G 1111,3813323,Mar-22,970,1120,1500,1240,1550
12501111,EL CERRITO G 1111,3248659,Mar-22,1950,1120,1500,1450,2100
12501111,EL CERRITO G 1111,3146749,Mar-22,480,650,820,650,820
12501111,EL CERRITO G 1111,4762566,Mar-22,2890,960,1500,960,5030
12501111,EL CERRITO G 1111,4724626,Mar-22,590,890,1090,890,1090
12501111,EL CERRITO G 1111,4014413,Mar-22,590,890,1090,890,1090
12501111,EL CERRITO G 1111,4481223,Mar-22,2900,960,1500,960,5020
12501111,EL CERRITO G 1111,3175664,Mar-22,60,180,240,180,240
12501111,EL CERRITO G 1111,3549964,Mar-22,2950,1120,1500,2220,3200
12501111,EL CERRITO G 1111,3746049,Mar-22,4530,1120,1500,1800,9350
12501111,EL CERRITO G 1111,4640379,Mar-22,110,180,240,180,240
12501111,EL CERRITO G 1111,5209072,Mar-22,260,320,390,320,390
12501111,EL CERRITO G 1111,3601996,Mar-22,3070,1120,1500,2120,3060
12501111,EL CERRITO G 1111,3572197,Mar-22,2490,1120,1500,2130,3060
12501111,EL CERRITO G 1111,3494833,Mar-22,2320,1120,1500,1630,2360
12501111,EL CERRITO G 1111,4787725,Mar-22,4520,1120,1500,4150,5990
12501111,EL CERRITO G 1111,4515880,Mar-22,660,840,1030,840,1030
12501111,EL CERRITO G 1111,4031879,Mar-22,2490,1120,1500,2050,2940
12501111,EL CERRITO G 1111,5077072,Mar-22,590,890,1090,890,1090
12501111,EL CERRITO G 1111,3626547,Mar-22,2950,1120,1500,2220,3200
12501111,EL CERRITO G 1111,4257308,Mar-22,4540,1120,1500,3210,4640
12501112,EL CERRITO G 1112,3089932,Jan-22,300,420,520,420,520
12501112,EL CERRITO G 1112,4924417,Jan-22,840,1050,1290,1060,1290
12501112,EL CERRITO G 1112,3859081,Jan-22,630,1050,1480,1180,1540
12501112,EL CERRITO G 1112,3264253,Jan-22,630,1050,1480,1180,1530
12501112,EL CERRITO G 1112,3729456,Jan-22,630,1050,1480,1180,1540
12501112,EL CERRITO G 1112,3488790,Jan-22,410,530,640,530,640
12501112,EL CERRITO G 1112,3353955,Jan-22,1670,1050,1480,2870,3630
12501112,EL CERRITO G 1112,3763142,Jan-22,1650,70,100,1970,2650
12501112,EL CERRITO G 1112,3191409,Jan-22,630,1050,1480,1180,1540
12501112,EL CERRITO G 1112,4307250,Jan-22,1670,1050,1480,3020,9570
12501112,EL CERRITO G 1112,4383816,Jan-22,630,1050,1480,1180,1540
12501112,EL CERRITO G 1112,3481684,Jan-22,1670,70,100,3040,5330
12501112,EL CERRITO G 1112,4289332,Jan-22,890,1050,1290,1060,1290
12501112,EL CERRITO G 1112,4419040,Jan-22,1650,70,100,1740,2500
12501112,EL CERRITO G 1112,4031598,Jan-22,1600,70,100,2170,2640
12501112,EL CERRITO G 1112,4348731,Jan-22,630,1050,1480,1180,1530
12501112,EL CERRITO G 1112,3383133,Jan-22,120,70,100,150,190
12501112,EL CERRITO G 1112,5015807,Jan-22,630,1050,1480,1180,1530
12501112,EL CERRITO G 1112,3439914,Jan-22,1640,70,100,1660,2390
12501112,EL CERRITO G 1112,4259259,Jan-22,630,1050,1480,1180,1530
12501112,EL CERRITO G 1112,4811727,Jan-22,1670,1050,1480,2810,3490
12501112,EL CERRITO G 1112,4009870,Jan-22,630,1050,1480,1180,1530
12501112,EL CERRITO G 1112,4318956,Jan-22,540,860,1160,860,1160
12501112,EL CERRITO G 1112,4887876,Jan-22,1610,70,100,2160,2640
12501112,EL CERRITO G 1112,5128086,Jan-22,1670,70,100,2150,2620
12501112,EL CERRITO G 1112,5095816,Jan-22,1680,1050,1480,3020,9570
12501112,EL CERRITO G 1112,4847943,Jan-22,1650,70,100,1790,2580
12501112,EL CERRITO G 1112,4836282,Jan-22,70,70,100,150,190
12501112,EL CERRITO G 1112,5181312,Jan-22,1670,1050,1480,2870,3630
12501112,EL CERRITO G 1112,4870441,Jan-22,1650,70,100,1770,2540
12501112,EL CERRITO G 1112,4194877,Jan-22,630,1050,1480,1180,1540
12501112,EL CERRITO G 1112,4409728,Jan-22,1660,70,100,2170,2640
12501112,EL CERRITO G 1112,4241371,Jan-22,890,1050,1290,1060,1290
12501112,EL CERRITO G 1112,3605465,Jan-22,560,860,1160,860,1160
12501112,EL CERRITO G 1112,3799639,Jan-22,630,1050,1480,1180,1540
12520401,RICHMOND Q 0401,4302465,Jan-23,50,260,780,260,780
12520401,RICHMOND Q 0401,3714590,Jan-23,50,250,780,250,780
12520401,RICHMOND Q 0401,5026177,Jan-23,50,250,600,250,600
12520401,RICHMOND Q 0401,4928038,Jan-23,50,250,780,250,780
12520401,RICHMOND Q 0401,4086408,Jan-23,50,250,780,250,780
12520401,RICHMOND Q 0401,3092319,Jan-23,50,200,440,200,440
12520401,RICHMOND Q 0401,4979935,Jan-23,50,230,290,230,290
12520401,RICHMOND Q 0401,4364452,Jan-23,50,250,680,250,680
12520401,RICHMOND Q 0401,3799131,Jan-23,50,190,280,190,280
12520401,RICHMOND Q 0401,4231500,Jan-23,50,250,620,250,620
12520401,RICHMOND Q 0401,5124887,Jan-23,50,250,640,250,640
12520401,RICHMOND Q 0401,4739229,Jan-23,50,260,780,260,780
12520401,RICHMOND Q 0401,5086449,Jan-23,50,260,770,260,770
12520401,RICHMOND Q 0401,3266808,Jan-23,50,260,780,260,780
12520401,RICHMOND Q 0401,3503100,Jan-23,50,260,780,260,780
12520401,RICHMOND Q 0401,4171471,Jan-23,50,250,620,250,620
12520401,RICHMOND Q 0401,4154518,Jan-23,50,200,630,200,630
12520401,RICHMOND Q 0401,4879152,Jan-23,50,200,680,200,680
12520401,RICHMOND Q 0401,4520315,Jan-23,50,250,590,250,590
12520401,RICHMOND Q 0401,3458513,Jan-23,50,250,660,250,660
12520401,RICHMOND Q 0401,3914142,Jan-23,50,200,440,200,440
12520401,RICHMOND Q 0401,4106218,Jan-23,50,200,290,200,290
12520401,RICHMOND Q 0401,4077003,Jan-23,50,250,610,250,610
12520401,RICHMOND Q 0401,4495635,Jan-23,50,250,480,250,480
12520401,RICHMOND Q 0401,4486363,Jan-23,50,250,710,250,710
12520401,RICHMOND Q 0401,5191912,Jan-23,50,190,620,190,620
12520401,RICHMOND Q 0401,4248643,Jan-23,50,140,610,140,610
12520401,RICHMOND Q 0401,4361385,Jan-23,50,140,580,140,580
12520401,RICHMOND Q 0401,4962900,Jan-23,50,190,580,190,580
12520402,RICHMOND Q 0402,3364686,Apr-22,770,270,350,270,350
12520402,RICHMOND Q 0402,3570381,Apr-22,860,270,350,270,350
13020402,BARRETT 0402,3199641,May-22,320,160,560,160,900
13471118,RICHMOND R 1118,4970910,Mar-22,630,400,530,880,1070
13471118,RICHMOND R 1118,5161906,Mar-22,6830,840,1220,6070,10000
13471118,RICHMOND R 1118,3466397,Mar-22,6830,840,1220,6150,10000
13471118,RICHMOND R 1118,3251895,Mar-22,630,400,530,880,1070
13471118,RICHMOND R 1118,5027971,Mar-22,150,400,530,1850,2300
13471118,RICHMOND R 1118,4349676,Mar-22,630,400,530,880,1070
13471118,RICHMOND R 1118,4098859,Mar-22,380,690,860,690,860
13471118,RICHMOND R 1118,5198103,Mar-22,6840,840,1220,6690,10000
13471118,RICHMOND R 1118,3210612,Mar-22,260,320,390,320,390
13471118,RICHMOND R 1118,5270727,Mar-22,560,400,530,760,1000
13471118,RICHMOND R 1118,4881336,Mar-22,1750,400,530,2150,2620
13471118,RICHMOND R 1118,5270168,Mar-22,510,400,530,760,1000
13471118,RICHMOND R 1118,5269874,Mar-22,560,400,530,760,1000
13471118,RICHMOND R 1118,4302381,Mar-22,2260,840,1220,2650,3270
13471118,RICHMOND R 1118,5004215,Mar-22,2210,840,1220,2700,3280
13471118,RICHMOND R 1118,3136762,Mar-22,6790,400,530,5890,10000
13471119,RICHMOND R 1119,3279388,May-22,2500,20,50,2070,3740
13471119,RICHMOND R 1119,3938394,May-22,2500,20,50,1980,3740
13471119,RICHMOND R 1119,3358250,May-22,2360,20,50,1920,3510
13471119,RICHMOND R 1119,4919573,May-22,500,410,590,640,790
13471119,RICHMOND R 1119,4829960,May-22,1580,410,590,2180,2710
13471119,RICHMOND R 1119,4128603,May-22,460,410,590,630,780
13471119,RICHMOND R 1119,5142115,May-22,460,410,590,630,780
13471119,RICHMOND R 1119,4698325,May-22,460,410,590,620,780
13471119,RICHMOND R 1119,4329000,May-22,1630,410,590,2180,2710
13471119,RICHMOND R 1119,4198764,May-22,1630,410,590,2180,2710
13471119,RICHMOND R 1119,4667554,May-22,1630,410,590,2180,2710
13471119,RICHMOND R 1119,3555546,May-22,1500,410,590,1560,2730
13471119,RICHMOND R 1119,4878519,May-22,460,410,590,630,780
13471119,RICHMOND R 1119,4502579,May-22,4640,410,590,3530,10000
13471119,RICHMOND R 1119,4186933,May-22,4610,410,590,3550,10000
13471119,RICHMOND R 1119,5181098,May-22,4400,410,590,3250,10000
13471119,RICHMOND R 1119,5256675,May-22,70,200,260,200,260
13471119,RICHMOND R 1119,4095744,May-22,4190,0,0,3100,6220
13471119,RICHMOND R 1119,5048217,May-22,3200,410,590,3520,6980
13471119,RICHMOND R 1119,3824103,May-22,1500,410,590,1750,2730
13471119,RICHMOND R 1119,5095512,May-22,3200,410,590,3460,7040
13471119,RICHMOND R 1119,3806608,May-22,2720,20,50,2130,4490
13471119,RICHMOND R 1119,5173949,May-22,2310,20,50,2030,3500
13471119,RICHMOND R 1119,3290228,May-22,2730,20,50,2670,4480
13471119,RICHMOND R 1119,3885141,May-22,2670,20,50,2160,4490
13471119,RICHMOND R 1119,5180452,May-22,2720,20,50,2150,4490
13471119,RICHMOND R 1119,4971193,May-22,2680,20,50,2420,4480
13471119,RICHMOND R 1119,4566216,May-22,2550,20,50,2390,3680
13471119,RICHMOND R 1119,3315174,May-22,2730,20,50,2290,4490
13471119,RICHMOND R 1119,3615882,May-22,300,410,590,650,970
13471119,RICHMOND R 1119,3379508,May-22,500,410,590,640,790
13471119,RICHMOND R 1119,4364779,May-22,1500,410,590,1630,2730
13471119,RICHMOND R 1119,4642121,May-22,1460,410,590,2150,2720
13471119,RICHMOND R 1119,4563799,May-22,1630,410,590,2180,2710
13471119,RICHMOND R 1119,3407409,May-22,770,410,590,880,1120
13471119,RICHMOND R 1119,3367422,May-22,1500,410,590,1590,2730
13471119,RICHMOND R 1119,4786741,May-22,1500,410,590,1650,2730
13471119,RICHMOND R 1119,3148772,May-22,500,410,550,420,550
13471119,RICHMOND R 1119,3946164,May-22,460,410,590,630,780
13471119,RICHMOND R 1119,5302721,May-22,460,410,590,630,780
13471119,RICHMOND R 1119,4230918,May-22,1500,410,590,1900,2730
13471119,RICHMOND R 1119,3239588,May-22,1500,410,590,1750,2730
13471119,RICHMOND R 1119,5242571,May-22,1510,410,590,2060,2720
13471119,RICHMOND R 1119,3358249,May-22,710,410,590,850,1030
13471119,RICHMOND R 1119,4798508,May-22,300,410,590,650,970
13471119,RICHMOND R 1119,3043370,May-22,4290,410,590,3100,8150
13471119,RICHMOND R 1119,4159242,May-22,410,410,590,530,650
13471119,RICHMOND R 1119,3943868,May-22,700,410,590,850,1040
13471119,RICHMOND R 1119,4159736,May-22,300,410,590,650,970
13471119,RICHMOND R 1119,3533854,May-22,1510,410,590,2080,2720
13471119,RICHMOND R 1119,3501280,May-22,1500,410,590,1740,2730
13471119,RICHMOND R 1119,4998425,May-22,300,410,590,650,970
13471119,RICHMOND R 1119,4367998,May-22,1630,410,590,2180,2710
13471119,RICHMOND R 1119,4482545,May-22,500,410,590,640,790
13471119,RICHMOND R 1119,4301252,May-22,1510,410,590,2150,2720
13471119,RICHMOND R 1119,4830815,May-22,180,210,260,210,260
13471119,RICHMOND R 1119,4721995,May-22,1450,410,590,1580,2730
13471119,RICHMOND R 1119,3321108,May-22,500,410,590,640,790
13471119,RICHMOND R 1119,3974472,May-22,1500,410,590,1500,2730
13471119,RICHMOND R 1119,3567381,May-22,1500,410,590,1410,2730
13471119,RICHMOND R 1119,4178341,May-22,1630,410,590,2180,2710
13471119,RICHMOND R 1119,5136069,May-22,500,410,590,640,790
13471119,RICHMOND R 1119,3510103,May-22,1500,410,590,1340,2730
13471119,RICHMOND R 1119,4699702,May-22,270,220,280,220,280
13471119,RICHMOND R 1119,4933114,May-22,500,410,590,640,790
13471119,RICHMOND R 1119,3128495,May-22,270,220,280,220,280
13471119,RICHMOND R 1119,3338436,May-22,270,220,280,220,280
13471119,RICHMOND R 1119,4158695,May-22,1500,410,590,1190,2740
13471119,RICHMOND R 1119,3720355,May-22,1450,410,590,1230,2740
13471119,RICHMOND R 1119,4831867,May-22,460,410,590,630,780
13471119,RICHMOND R 1119,3560879,May-22,1450,410,590,1370,2730
13471119,RICHMOND R 1119,3766867,May-22,2550,20,50,2260,3740
13471119,RICHMOND R 1119,3109802,May-22,270,220,280,220,280
13471119,RICHMOND R 1119,4892979,May-22,4960,410,590,3940,10000
13471119,RICHMOND R 1119,3779045,May-22,300,410,590,650,970
13471119,RICHMOND R 1119,3060752,May-22,460,410,590,630,780
13471119,RICHMOND R 1119,4158501,May-22,2290,410,590,2230,3460
13471119,RICHMOND R 1119,4896639,May-22,3310,0,0,2220,6980
13471119,RICHMOND R 1119,3223840,May-22,1500,410,590,1160,2740
13471119,RICHMOND R 1119,3262965,May-22,3200,410,590,3470,7040
13471119,RICHMOND R 1119,3887668,May-22,3200,410,590,3480,7040
13471119,RICHMOND R 1119,4400291,May-22,3200,410,590,3490,7040
13471119,RICHMOND R 1119,3186492,May-22,4680,410,590,3640,10000
13471119,RICHMOND R 1119,3451287,May-22,3240,410,590,3760,5140
13471119,RICHMOND R 1119,4781904,May-22,4780,410,590,3770,10000
13471119,RICHMOND R 1119,3818011,May-22,3370,410,590,3010,5160
13471119,RICHMOND R 1119,4628653,May-22,4180,410,590,2970,8050
13471119,RICHMOND R 1119,3802881,May-22,4160,410,590,3010,8150
13471119,RICHMOND R 1119,4483781,May-22,2730,20,50,2800,4480
13471119,RICHMOND R 1119,5140195,May-22,270,220,280,220,280
13471119,RICHMOND R 1119,3458785,May-22,1500,410,590,1510,2730
13471119,RICHMOND R 1119,4845842,May-22,1990,0,0,2360,2850
13471119,RICHMOND R 1119,3638110,May-22,2030,0,0,2360,2850
13471119,RICHMOND R 1119,3260692,May-22,1890,410,590,2250,2740
13471119,RICHMOND R 1119,3176274,May-22,2160,410,590,2250,2730
13471119,RICHMOND R 1119,4442692,May-22,2110,410,590,2250,2740
13471119,RICHMOND R 1119,5264554,May-22,70,200,260,200,260
13471119,RICHMOND R 1119,3517573,May-22,710,410,590,850,1030
13471119,RICHMOND R 1119,4354362,May-22,3530,410,590,2490,8080
13471119,RICHMOND R 1119,3195231,May-22,1930,410,590,2340,2850
13471119,RICHMOND R 1119,3053327,May-22,1880,410,590,2340,2850
13471119,RICHMOND R 1119,4511452,May-22,450,410,590,640,790
13471119,RICHMOND R 1119,4646537,May-22,1880,410,590,2320,2850
13471119,RICHMOND R 1119,4721711,May-22,5470,410,590,5110,10000
13471119,RICHMOND R 1119,4757005,May-22,5420,410,590,5110,10000
13471119,RICHMOND R 1119,3616714,May-22,940,410,590,1230,1570
13471119,RICHMOND R 1119,3512063,May-22,940,410,590,1230,1570
13471119,RICHMOND R 1119,3902560,May-22,670,410,590,840,1040
13471119,RICHMOND R 1119,3898461,May-22,3560,0,0,2490,8080
13471119,RICHMOND R 1119,4817263,May-22,450,410,550,420,550
13471119,RICHMOND R 1119,4868047,May-22,5380,410,590,4400,10000
13471119,RICHMOND R 1119,4389134,May-22,5410,410,590,4390,10000
13471119,RICHMOND R 1119,3843467,May-22,660,410,590,800,1030
13471119,RICHMOND R 1119,3922112,May-22,1830,410,590,2320,2850
13471120,RICHMOND R 1120,4574397,Jan-23,0,0,0,0,0
13471125,RICHMOND R 1125,3101182,Feb-23,3000,1620,2160,2400,7140
13471125,RICHMOND R 1125,5260034,Feb-23,2990,1620,2160,2180,6500
13471125,RICHMOND R 1125,4276174,Feb-23,2980,1620,2160,2110,4970
13471125,RICHMOND R 1125,5038892,Feb-23,2970,1620,2160,2330,4920
13471125,RICHMOND R 1125,4479516,Feb-23,2980,1620,2160,1820,5420
13471125,RICHMOND R 1125,3279044,Feb-23,2970,1620,2160,2330,4930
13471125,RICHMOND R 1125,3476228,Feb-23,2970,70,90,1390,4130
13471125,RICHMOND R 1125,4877043,Feb-23,2970,1620,2160,2330,7030
13471125,RICHMOND R 1125,3536664,Feb-23,800,70,90,1120,1350
13471125,RICHMOND R 1125,4996167,Feb-23,2900,1620,2160,3550,4720
13471125,RICHMOND R 1125,4385524,Feb-23,1610,1620,2160,2120,2660
13471125,RICHMOND R 1125,3075349,Feb-23,2370,70,90,680,2160
13471125,RICHMOND R 1125,4227746,Feb-23,1670,1620,2160,2150,2600
13471125,RICHMOND R 1125,4501895,Feb-23,1670,1620,2160,2110,2650
13471125,RICHMOND R 1125,3754022,Feb-23,220,260,320,260,320
13471125,RICHMOND R 1125,3067560,Feb-23,650,100,170,810,980
13471125,RICHMOND R 1125,5255779,Feb-23,2610,0,60,2110,4410
13471125,RICHMOND R 1125,4582181,Feb-23,280,280,380,280,380
13471125,RICHMOND R 1125,4176477,Feb-23,2970,1620,2160,2110,6320
13471125,RICHMOND R 1125,4230009,Feb-23,2970,1620,2160,2330,7000
13471125,RICHMOND R 1125,4870172,Feb-23,1810,1620,2160,2340,3390
13471125,RICHMOND R 1125,5176203,Feb-23,2970,70,90,1480,4390
13471125,RICHMOND R 1125,5234267,Feb-23,1670,1620,2160,2150,2610
13471125,RICHMOND R 1125,5144055,Feb-23,2970,1620,2160,2110,6320
13471125,RICHMOND R 1125,4186064,Feb-23,2280,70,90,640,2040
13471125,RICHMOND R 1125,3282505,Feb-23,1700,30,60,2160,2630
13471125,RICHMOND R 1125,4400404,Feb-23,1770,1620,2160,2330,3380
13471125,RICHMOND R 1125,4205608,Feb-23,800,70,90,1120,1350
13471125,RICHMOND R 1125,3990154,Feb-23,2850,1620,2160,3550,4720
13471125,RICHMOND R 1125,3817018,Feb-23,2970,70,90,1480,4390
13471125,RICHMOND R 1125,3583001,Feb-23,2970,1620,2160,2110,6320
13471125,RICHMOND R 1125,3903504,Feb-23,1720,1620,2160,2140,2600
13471125,RICHMOND R 1125,3319407,Feb-23,3010,1620,2160,2870,8550
13471125,RICHMOND R 1125,4508651,Feb-23,3000,100,170,2920,8820
13471125,RICHMOND R 1125,4277385,Feb-23,2970,1620,2160,2110,6330
13471125,RICHMOND R 1125,4962961,Feb-23,2970,1620,2160,2330,5130
13471125,RICHMOND R 1125,3808291,Feb-23,800,70,90,1120,1350
13471125,RICHMOND R 1125,3751535,Feb-23,1670,1620,2160,2110,2650
13471125,RICHMOND R 1125,4976582,Feb-23,800,70,90,1120,1350
13471125,RICHMOND R 1125,3583788,Feb-23,800,70,90,1120,1350
13471125,RICHMOND R 1125,4003577,Feb-23,2970,70,90,1480,4390
13471125,RICHMOND R 1125,4942109,Feb-23,2760,70,90,880,2730
13471125,RICHMOND R 1125,3819294,Feb-23,220,260,320,260,320
13471125,RICHMOND R 1125,3357148,Feb-23,3000,100,170,2910,7920
13471125,RICHMOND R 1125,4001378,Feb-23,1760,1620,2160,2340,3390
13471125,RICHMOND R 1125,4588606,Feb-23,220,260,320,260,320
13471125,RICHMOND R 1125,4748537,Feb-23,2970,1620,2160,2330,7020
13471125,RICHMOND R 1125,4197632,Feb-23,2970,1620,2160,2110,6320
13471125,RICHMOND R 1125,4984331,Feb-23,3010,1620,2160,2890,8600
13471125,RICHMOND R 1125,3091201,Feb-23,2190,100,150,2110,4430
13471125,RICHMOND R 1125,4511783,Feb-23,2960,1620,2160,2890,8600
13471125,RICHMOND R 1125,3727683,Feb-23,2970,70,90,1470,4380
13471125,RICHMOND R 1125,4647745,Feb-23,2980,1620,2160,2110,6300
13471125,RICHMOND R 1125,4522904,Feb-23,1810,1620,2160,2340,3390
13471125,RICHMOND R 1125,4855010,Feb-23,1820,1620,2160,2340,3390
13471125,RICHMOND R 1125,4442549,Feb-23,2920,70,90,960,2990
13471125,RICHMOND R 1125,3283962,Feb-23,1670,1620,2160,2110,2650
13471125,RICHMOND R 1125,3761868,Feb-23,2970,1620,2160,2110,6320
13471125,RICHMOND R 1125,5023565,Feb-23,2970,70,90,1480,4390
13471125,RICHMOND R 1125,4996045,Feb-23,2970,70,90,1390,4130
13471125,RICHMOND R 1125,3522258,Feb-23,280,280,380,280,380
13471125,RICHMOND R 1125,3142115,Feb-23,2990,1620,2160,2320,6920
13471125,RICHMOND R 1125,3771190,Feb-23,2970,1620,2160,2330,6980
13471125,RICHMOND R 1125,4926586,Feb-23,360,670,820,670,820
13471125,RICHMOND R 1125,5286414,Feb-23,2990,1620,2160,1930,5720
13471125,RICHMOND R 1125,4690876,Feb-23,2990,1620,2160,2320,6920
13471125,RICHMOND R 1125,4365618,Feb-23,830,1090,1320,1090,1320
13471125,RICHMOND R 1125,4700317,Feb-23,830,1090,1320,1090,1320
13471125,RICHMOND R 1125,3094243,Feb-23,2960,70,90,1050,3260
13471125,RICHMOND R 1125,4576515,Feb-23,1670,1620,2160,2110,2650
13471125,RICHMOND R 1125,4774304,Feb-23,1720,1620,2160,2150,2600
13471125,RICHMOND R 1125,4852507,Feb-23,830,1090,1320,1090,1320
13471125,RICHMOND R 1125,3506433,Feb-23,1670,1620,2160,2110,2650
13471125,RICHMOND R 1125,3067024,Feb-23,1670,1620,2160,2140,2600
13471125,RICHMOND R 1125,4873311,Feb-23,1670,1620,2160,2140,2600
13471125,RICHMOND R 1125,5117414,Feb-23,200,250,310,250,310
13471125,RICHMOND R 1125,5119731,Feb-23,830,1090,1320,1090,1320
13471125,RICHMOND R 1125,3117417,Feb-23,800,70,90,1120,1350
13471125,RICHMOND R 1125,4923450,Feb-23,2970,1620,2160,2110,6320
13471125,RICHMOND R 1125,3867978,Feb-23,1720,1620,2160,2150,2600
13471125,RICHMOND R 1125,3627120,Feb-23,830,1090,1320,1090,1320
13471125,RICHMOND R 1125,5087762,Feb-23,2980,1620,2160,2320,6930
13471125,RICHMOND R 1125,4445413,Feb-23,2970,70,90,1200,3570
13471125,RICHMOND R 1125,4361288,Feb-23,750,1130,1370,1130,1370
13471125,RICHMOND R 1125,4072031,Feb-23,2970,1620,2160,2320,6970
13471125,RICHMOND R 1125,4574033,Feb-23,2970,1620,2160,2330,7010
13471125,RICHMOND R 1125,3356970,Feb-23,1670,1620,2160,2110,2650
13471125,RICHMOND R 1125,4268900,Feb-23,800,70,90,1120,1350
13471125,RICHMOND R 1125,3219552,Feb-23,800,70,90,1120,1350
13471125,RICHMOND R 1125,3501860,Feb-23,750,1130,1370,1130,1370
13471125,RICHMOND R 1125,5087885,Feb-23,2190,0,0,600,1920
13471125,RICHMOND R 1125,3271445,Feb-23,880,0,0,0,0
13471125,RICHMOND R 1125,3819056,Feb-23,2990,1620,2160,2320,6920
13471125,RICHMOND R 1125,4857020,Feb-23,2990,1620,2160,2320,6920
13471125,RICHMOND R 1125,4328186,Feb-23,750,1130,1370,1130,1370
13471125,RICHMOND R 1125,5263877,Feb-23,2990,1620,2160,1990,5910
13471125,RICHMOND R 1125,5258137,Feb-23,2990,1620,2160,2210,6590
13471125,RICHMOND R 1125,3963016,Feb-23,1700,30,60,2160,2630
13471125,RICHMOND R 1125,4688410,Feb-23,2980,1620,2160,2320,6960
13471125,RICHMOND R 1125,4605538,Feb-23,2190,100,150,2110,4430
13471125,RICHMOND R 1125,3179604,Feb-23,2980,1620,2160,2110,6310
13471125,RICHMOND R 1125,5154642,Feb-23,2980,1620,2160,2110,6300
13471125,RICHMOND R 1125,5264933,Feb-23,3000,1620,2160,2320,6900
13471125,RICHMOND R 1125,4602204,Feb-23,1650,30,60,2160,2630
13471125,RICHMOND R 1125,5257221,Feb-23,2990,1620,2160,2320,6910
13471125,RICHMOND R 1125,4785281,Feb-23,2310,70,90,700,2080
13471125,RICHMOND R 1125,4502246,Feb-23,2580,70,90,780,2450
13471125,RICHMOND R 1125,3792742,Feb-23,2270,70,90,690,2030
13471125,RICHMOND R 1125,5141282,Feb-23,1670,1620,2160,2110,2650
13471125,RICHMOND R 1125,4795902,Feb-23,2970,1620,2160,2110,4610
13471125,RICHMOND R 1125,3775518,Feb-23,1700,30,60,2160,2620
13471125,RICHMOND R 1125,3280446,Feb-23,1700,30,60,2160,2620
13471125,RICHMOND R 1125,4095312,Feb-23,1650,30,60,2160,2630
13471125,RICHMOND R 1125,4336926,Feb-23,1700,30,60,2160,2630
13471125,RICHMOND R 1125,3255970,Feb-23,2980,1620,2160,2110,6310
13471125,RICHMOND R 1125,4189070,Feb-23,1830,1620,2160,2320,3370
13471125,RICHMOND R 1125,4506668,Feb-23,1820,1620,2160,2330,3380
13471125,RICHMOND R 1125,4666640,Feb-23,1830,1620,2160,2320,3370
13471125,RICHMOND R 1125,4844403,Feb-23,2990,1620,2160,1860,5540
13471125,RICHMOND R 1125,4500057,Feb-23,2380,1620,2160,2330,5170
13471125,RICHMOND R 1125,4373951,Feb-23,1820,1620,2160,2340,3390
13471125,RICHMOND R 1125,3616234,Feb-23,800,70,90,1120,1360
13471125,RICHMOND R 1125,4559797,Feb-23,740,100,170,1060,1350
13471125,RICHMOND R 1125,4028045,Feb-23,700,1130,1370,1130,1370
13471125,RICHMOND R 1125,5217229,Feb-23,750,1130,1370,1130,1370
13471125,RICHMOND R 1125,4230791,Feb-23,700,1130,1370,1130,1370
13471125,RICHMOND R 1125,3339863,Feb-23,700,1130,1380,1130,1380
13471125,RICHMOND R 1125,3651053,Feb-23,700,1130,1370,1130,1370
13471125,RICHMOND R 1125,3323089,Feb-23,750,1130,1380,1130,1380
13471125,RICHMOND R 1125,4254386,Feb-23,1820,1620,2160,2340,3390
13471125,RICHMOND R 1125,5198918,Feb-23,2990,1620,2160,2130,6320
13471125,RICHMOND R 1125,5105265,Feb-23,2990,1620,2160,2130,6350
13471125,RICHMOND R 1125,3631978,Feb-23,2990,1620,2160,2120,6300
13471125,RICHMOND R 1125,3351033,Feb-23,2900,1620,2160,3570,4720
13471125,RICHMOND R 1125,4187042,Feb-23,690,100,170,1060,1350
13471125,RICHMOND R 1125,3197875,Feb-23,740,100,170,1060,1350
13471125,RICHMOND R 1125,3558161,Feb-23,3000,100,170,2910,8730
13471125,RICHMOND R 1125,5013752,Feb-23,3020,1620,2160,3310,9900
13471125,RICHMOND R 1125,4694478,Feb-23,3000,100,170,2910,8760
13471125,RICHMOND R 1125,5114729,Feb-23,3000,100,170,2910,8750
13471125,RICHMOND R 1125,4608375,Feb-23,220,260,320,260,320
13471125,RICHMOND R 1125,4675797,Feb-23,2980,1620,2160,1770,5260
13471125,RICHMOND R 1125,3699948,Feb-23,3010,100,170,2900,8680
13471125,RICHMOND R 1125,4602775,Feb-23,1830,1620,2160,2320,3370
13471125,RICHMOND R 1125,3125706,Feb-23,3000,100,170,2910,8720
13471125,RICHMOND R 1125,5172221,Feb-23,2990,1620,2160,2330,6970
13471125,RICHMOND R 1125,4224284,Feb-23,3020,1620,2160,3210,9590
13471125,RICHMOND R 1125,4186151,Feb-23,280,280,380,280,380
13471125,RICHMOND R 1125,4618175,Feb-23,220,260,320,260,320
13471125,RICHMOND R 1125,3978394,Feb-23,3010,1620,2160,2890,8600
13471125,RICHMOND R 1125,4481666,Feb-23,3010,100,170,2890,8640
13471125,RICHMOND R 1125,4223721,Feb-23,2920,70,90,1480,4390
13471125,RICHMOND R 1125,5197575,Feb-23,280,280,380,280,380
13471125,RICHMOND R 1125,4493799,Feb-23,3050,1620,2160,4680,10000
13471125,RICHMOND R 1125,4251880,Feb-23,2980,70,90,1570,4670
13471125,RICHMOND R 1125,3390473,Feb-23,1840,70,90,1720,2670
13471125,RICHMOND R 1125,4719616,Feb-23,2480,1620,2160,2960,3630
13471125,RICHMOND R 1125,3658164,Feb-23,3000,100,170,2910,8730
13471125,RICHMOND R 1125,4714228,Feb-23,3000,100,170,2910,8730
13471125,RICHMOND R 1125,3626299,Feb-23,3010,1620,2160,2890,8600
13471125,RICHMOND R 1125,3592975,Feb-23,2990,1620,2160,2330,6970
13471125,RICHMOND R 1125,4225923,Feb-23,3000,100,170,2900,8710
13471125,RICHMOND R 1125,4607719,Feb-23,1790,70,90,1720,2660
13471125,RICHMOND R 1125,4450382,Feb-23,3000,100,170,2910,8750
13471125,RICHMOND R 1125,4676121,Feb-23,260,70,90,390,470
13471125,RICHMOND R 1125,3864921,Feb-23,3010,1620,2160,3550,10000
13471125,RICHMOND R 1125,3919201,Feb-23,2960,1620,2160,2670,7950
13471125,RICHMOND R 1125,4339545,Feb-23,2900,1620,2160,3560,4720
13471125,RICHMOND R 1125,3722302,Feb-23,3010,1620,2160,3540,10000
13471125,RICHMOND R 1125,4064427,Feb-23,1830,1620,2160,2320,3370
13471125,RICHMOND R 1125,3360891,Feb-23,2980,70,90,1570,4680
13471125,RICHMOND R 1125,4323294,Feb-23,1830,1620,2160,2320,3370
13471125,RICHMOND R 1125,5199001,Feb-23,1720,1620,2160,2300,2790
13471125,RICHMOND R 1125,3199093,Feb-23,3010,100,170,2900,8670
13471125,RICHMOND R 1125,4119746,Feb-23,3030,1620,2160,3830,10000
13471125,RICHMOND R 1125,4994279,Feb-23,2980,1620,2160,3850,10000
13471125,RICHMOND R 1125,3757705,Feb-23,2900,1620,2160,3550,4720
13471125,RICHMOND R 1125,3464522,Feb-23,2900,1620,2160,3570,4720
13471125,RICHMOND R 1125,3862317,Feb-23,2900,1620,2160,3580,4720
13471125,RICHMOND R 1125,5190181,Feb-23,3010,1620,2160,3540,10000
13471125,RICHMOND R 1125,3879125,Feb-23,2900,1620,2160,3580,4720
13471125,RICHMOND R 1125,4301044,Feb-23,1780,1620,2160,2200,2680
13471125,RICHMOND R 1125,4884466,Feb-23,3040,1620,2160,4030,10000
13471125,RICHMOND R 1125,3802594,Feb-23,150,210,260,210,260
13471125,RICHMOND R 1125,5222492,Feb-23,2980,1620,2160,2110,6290
13471125,RICHMOND R 1125,3526935,Feb-23,220,260,320,260,320
13471125,RICHMOND R 1125,3628319,Feb-23,200,250,310,250,310
13471125,RICHMOND R 1125,4729703,Feb-23,3010,100,170,2890,8650
13471125,RICHMOND R 1125,3272189,Feb-23,3010,1620,2160,3530,10000
13471125,RICHMOND R 1125,4536799,Feb-23,3050,1620,2160,4560,10000
13471125,RICHMOND R 1125,4671344,Feb-23,2980,70,90,1610,4800
13471125,RICHMOND R 1125,3859076,Feb-23,3020,1620,2160,3470,10000
13471125,RICHMOND R 1125,4006080,Feb-23,3020,1620,2160,3330,9940
13471125,RICHMOND R 1125,4156639,Feb-23,1830,1620,2160,2320,3370
13471125,RICHMOND R 1125,3846945,Feb-23,190,270,330,270,330
13471125,RICHMOND R 1125,3278730,Feb-23,2990,1620,2160,2110,6280
13471125,RICHMOND R 1125,4123292,Feb-23,2990,1620,2160,2110,6280
13471125,RICHMOND R 1125,4568073,Feb-23,2990,1620,2160,2330,6930
13471125,RICHMOND R 1125,4980432,Feb-23,1720,1620,2160,2300,2790
13471125,RICHMOND R 1125,4267415,Feb-23,3010,100,170,2900,8670
13471125,RICHMOND R 1125,3073113,Feb-23,190,270,330,270,330
13471125,RICHMOND R 1125,4742549,Feb-23,3020,1620,2160,3520,10000
13471125,RICHMOND R 1125,3359853,Feb-23,3010,1620,2160,3540,10000
13471125,RICHMOND R 1125,3602497,Feb-23,3000,100,170,2920,8820
13471125,RICHMOND R 1125,4500172,Feb-23,2990,1620,2160,2110,6280
13471125,RICHMOND R 1125,3204782,Feb-23,1690,1620,2160,2300,2790
13471125,RICHMOND R 1125,4295460,Feb-23,2980,1620,2160,2110,6300
13471125,RICHMOND R 1125,4420888,Feb-23,2980,1620,2160,1820,5400
13471125,RICHMOND R 1125,3997983,Feb-23,280,280,380,280,380
13471125,RICHMOND R 1125,3362999,Feb-23,3010,100,170,2900,8690
13471125,RICHMOND R 1125,4300190,Feb-23,2980,70,90,1650,4910
13471125,RICHMOND R 1125,3211756,Feb-23,3010,100,170,2890,8650
13471125,RICHMOND R 1125,3656444,Feb-23,3010,100,170,2890,8650
13471125,RICHMOND R 1125,4692223,Feb-23,310,70,90,390,470
13471125,RICHMOND R 1125,3651921,Feb-23,2990,1620,2160,4130,10000
13471125,RICHMOND R 1125,5072440,Feb-23,3000,100,170,2910,8750
13471125,RICHMOND R 1125,3147618,Feb-23,2890,1620,2160,3590,4720
13471126,RICHMOND R 1126,5008571,Jan-23,0,0,0,1870,2410
13471126,RICHMOND R 1126,4871452,Jan-23,0,0,0,1870,2410
13471126,RICHMOND R 1126,5174444,Jan-23,0,0,0,1870,2420
13471126,RICHMOND R 1126,3521213,Jan-23,0,0,0,1870,2410
13471126,RICHMOND R 1126,4909492,Jan-23,0,0,0,1870,2410
13471126,RICHMOND R 1126,3677307,Jan-23,0,0,0,1870,2410
13471126,RICHMOND R 1126,4971184,Jan-23,0,0,0,1870,2410
13471126,RICHMOND R 1126,4074690,Jan-23,0,0,0,1870,2410
13471126,RICHMOND R 1126,3673162,Jan-23,0,0,0,1870,2410
13471127,RICHMOND R 1127,5206987,Sep-21,1620,0,0,1940,2600
13471127,RICHMOND R 1127,4415027,Sep-21,1620,0,0,1940,2600
13471127,RICHMOND R 1127,3138863,Sep-21,1620,0,0,1940,2600
13471127,RICHMOND R 1127,4163636,Sep-21,1690,0,0,1930,2600
13471127,RICHMOND R 1127,4551764,Sep-21,1690,0,0,1940,2600
13471127,RICHMOND R 1127,5196444,Sep-21,1580,0,0,1940,2600
13471128,RICHMOND R 1128,4551398,Nov-22,830,30,40,1060,1280
13471128,RICHMOND R 1128,5328519,Nov-22,880,30,40,1060,1280
13471128,RICHMOND R 1128,3230472,Nov-22,590,30,40,820,1000
13471128,RICHMOND R 1128,3834800,Nov-22,590,30,40,820,1000
13471128,RICHMOND R 1128,5258052,Nov-22,1440,1240,1570,2070,2520
13471128,RICHMOND R 1128,4622598,Nov-22,4000,1240,1570,6100,9110
13471128,RICHMOND R 1128,3521889,Nov-22,4310,1240,1570,6700,10000
13471128,RICHMOND R 1128,5037391,Nov-22,4200,1240,1570,6290,9390
13471128,RICHMOND R 1128,3671373,Nov-22,1220,250,410,1790,2280
13471128,RICHMOND R 1128,3568570,Nov-22,1220,250,410,1790,2280
13471128,RICHMOND R 1128,5289164,Nov-22,1440,1240,1570,2070,2520
13471128,RICHMOND R 1128,4474234,Nov-22,3990,1240,1570,5930,8860
13471128,RICHMOND R 1128,4534350,Nov-22,1630,30,40,2230,3680
13471128,RICHMOND R 1128,4316463,Nov-22,500,250,410,660,830
13471128,RICHMOND R 1128,4936026,Nov-22,1680,30,40,2200,3530
13471128,RICHMOND R 1128,3293447,Nov-22,4270,1240,1570,7020,10000
13471128,RICHMOND R 1128,3737355,Nov-22,770,30,40,1190,1440
13471128,RICHMOND R 1128,5373764,Nov-22,1530,0,0,1880,2280
13471128,RICHMOND R 1128,3656321,Nov-22,1240,30,40,1660,2020
13471128,RICHMOND R 1128,4910101,Nov-22,1190,30,40,1660,2020
13471128,RICHMOND R 1128,5354352,Nov-22,1560,0,0,1950,2600
13471128,RICHMOND R 1128,5353564,Nov-22,1480,0,0,1870,2600
13471128,RICHMOND R 1128,3424688,Nov-22,530,250,410,1160,1440
13471128,RICHMOND R 1128,3928578,Nov-22,780,30,40,1180,1430
13471128,RICHMOND R 1128,4503820,Nov-22,720,30,40,1190,1430
13471128,RICHMOND R 1128,3419282,Nov-22,770,30,40,1190,1440
13471128,RICHMOND R 1128,3226768,Nov-22,1190,30,40,1660,2020
13471128,RICHMOND R 1128,5261804,Nov-22,1440,1240,1570,2070,2520
13471128,RICHMOND R 1128,5347446,Nov-22,1580,30,40,2140,3630
13471128,RICHMOND R 1128,5136491,Nov-22,1430,30,40,2080,2530
13471128,RICHMOND R 1128,4457740,Nov-22,1440,1240,1570,2070,2520
13471128,RICHMOND R 1128,5219878,Nov-22,1440,1240,1570,2070,2520
13471128,RICHMOND R 1128,3966819,Nov-22,310,410,500,410,500
13471128,RICHMOND R 1128,3526250,Nov-22,1440,30,40,2070,2520
13471128,RICHMOND R 1128,4585938,Nov-22,1440,10,20,2070,2520
13471128,RICHMOND R 1128,4829671,Nov-22,1430,30,40,2080,2520
13471128,RICHMOND R 1128,3368664,Nov-22,1440,10,20,2070,2520
13471128,RICHMOND R 1128,4902001,Nov-22,1440,1240,1570,2070,2520
13471128,RICHMOND R 1128,5352137,Nov-22,1500,0,0,1930,2600
13471128,RICHMOND R 1128,3369161,Nov-22,3990,150,190,5580,7980
13471128,RICHMOND R 1128,5332916,Nov-22,4100,1240,1570,6230,9310
13471128,RICHMOND R 1128,5322372,Nov-22,0,0,0,20,30
13471128,RICHMOND R 1128,5333430,Nov-22,4000,1240,1570,6050,9040
13471128,RICHMOND R 1128,4080104,Nov-22,4240,1240,1570,5690,8430
13471128,RICHMOND R 1128,4480690,Nov-22,4200,1240,1570,6000,8960
13471128,RICHMOND R 1128,4677285,Nov-22,780,30,40,1180,1430
13471128,RICHMOND R 1128,4332263,Nov-22,1220,250,410,1790,2280
13471128,RICHMOND R 1128,4708259,Nov-22,1670,30,40,2200,3620
13471128,RICHMOND R 1128,3996186,Nov-22,1220,250,410,1800,2290
13471128,RICHMOND R 1128,4006524,Nov-22,2110,1240,1570,2620,3180
13471128,RICHMOND R 1128,3812308,Nov-22,770,30,40,1120,1440
13471128,RICHMOND R 1128,3502134,Nov-22,530,250,410,1160,1440
13471128,RICHMOND R 1128,4440227,Nov-22,720,30,40,1190,1440
13471128,RICHMOND R 1128,4915256,Nov-22,3260,1240,1570,4000,4850
13471128,RICHMOND R 1128,3654060,Nov-22,4290,1240,1570,5690,8430
13471128,RICHMOND R 1128,4393240,Nov-22,4250,1240,1570,5690,8420
13471128,RICHMOND R 1128,3679595,Nov-22,4300,1240,1570,5910,8740
13471128,RICHMOND R 1128,3059689,Nov-22,1600,30,40,2160,3620
13471128,RICHMOND R 1128,5151869,Nov-22,1220,250,410,1790,2290
13471128,RICHMOND R 1128,5057570,Nov-22,1220,250,410,1790,2280
13471128,RICHMOND R 1128,4687352,Nov-22,1640,30,40,2140,3630
13471128,RICHMOND R 1128,3713282,Nov-22,770,30,40,1190,1440
13471128,RICHMOND R 1128,3490387,Nov-22,2160,1240,1570,2620,3180
13471128,RICHMOND R 1128,3754075,Nov-22,1510,0,0,2010,2560
13471128,RICHMOND R 1128,5072186,Nov-22,3710,30,40,3970,7250
13471128,RICHMOND R 1128,3524368,Nov-22,4230,1240,1570,4770,7050
13471128,RICHMOND R 1128,4296518,Nov-22,1220,250,410,1790,2280
13471128,RICHMOND R 1128,3567518,Nov-22,770,30,40,1190,1440
13471128,RICHMOND R 1128,4797591,Nov-22,4290,1240,1570,5320,7880
13471128,RICHMOND R 1128,3470647,Nov-22,2110,1240,1570,2610,3170
13471128,RICHMOND R 1128,5045419,Nov-22,1460,0,0,1730,2570
13471128,RICHMOND R 1128,4270640,Nov-22,4000,150,190,5570,7980
13471128,RICHMOND R 1128,4609177,Nov-22,530,250,410,1160,1440
13471128,RICHMOND R 1128,3301535,Nov-22,480,250,410,690,840
13471128,RICHMOND R 1128,4140455,Nov-22,3410,30,40,3490,6300
13471128,RICHMOND R 1128,4494788,Nov-22,3990,1240,1570,5840,8720
13471128,RICHMOND R 1128,4384933,Nov-22,530,250,410,1160,1430
13471128,RICHMOND R 1128,4644926,Nov-22,1580,30,40,2120,3600
13471128,RICHMOND R 1128,3150770,Nov-22,1430,1240,1570,2020,2450
13471128,RICHMOND R 1128,4344914,Nov-22,3480,30,40,3520,6350
13471128,RICHMOND R 1128,3834378,Nov-22,480,250,410,690,840
13471128,RICHMOND R 1128,3583196,Nov-22,3990,1240,1570,5700,8510
13471128,RICHMOND R 1128,5083171,Nov-22,1510,0,0,2010,2560
13471128,RICHMOND R 1128,4036835,Nov-22,720,30,40,1140,1440
13471128,RICHMOND R 1128,4707835,Nov-22,2870,1240,1570,3350,4070
13471128,RICHMOND R 1128,4178490,Nov-22,1220,250,410,1800,2290
13471128,RICHMOND R 1128,3924612,Nov-22,530,250,410,1160,1430
13471128,RICHMOND R 1128,5097581,Nov-22,720,30,40,1190,1440
13471128,RICHMOND R 1128,3209182,Nov-22,1240,30,40,1660,2020
13471128,RICHMOND R 1128,4089973,Nov-22,4290,1240,1570,5570,8250
13471128,RICHMOND R 1128,4514052,Nov-22,4280,1240,1570,7710,10000
13471128,RICHMOND R 1128,3836923,Nov-22,1510,0,0,2010,2560
13471128,RICHMOND R 1128,3083652,Nov-22,770,30,40,1190,1440
13471128,RICHMOND R 1128,5088621,Nov-22,4320,1240,1570,7030,10000
13471128,RICHMOND R 1128,3455125,Nov-22,720,30,40,1190,1440
13471128,RICHMOND R 1128,3099594,Nov-22,4250,1240,1570,6040,8940
13471128,RICHMOND R 1128,3503253,Nov-22,1510,0,0,1940,2560
13471128,RICHMOND R 1128,4123418,Nov-22,720,30,40,1190,1440
13471128,RICHMOND R 1128,3982185,Nov-22,4330,1240,1570,7500,10000
13471128,RICHMOND R 1128,4251399,Nov-22,1220,250,410,1790,2290
13471128,RICHMOND R 1128,4445759,Nov-22,770,30,40,1190,1440
13471128,RICHMOND R 1128,3824857,Nov-22,4290,1240,1570,5570,8250
13471128,RICHMOND R 1128,3396696,Nov-22,1500,0,0,1570,2570
13471128,RICHMOND R 1128,5169642,Nov-22,3990,1240,1570,5800,8660
13471128,RICHMOND R 1128,3810214,Nov-22,530,250,410,1160,1430
13471128,RICHMOND R 1128,3784191,Nov-22,4230,1240,1570,5580,8260
13471128,RICHMOND R 1128,3081054,Nov-22,4050,150,190,5580,7980
13471128,RICHMOND R 1128,3633183,Nov-22,2160,1240,1570,2610,3180
13471128,RICHMOND R 1128,3059302,Nov-22,480,250,410,690,840
13471128,RICHMOND R 1128,4340817,Nov-22,1430,1240,1570,2020,2450
13471128,RICHMOND R 1128,3919210,Nov-22,2110,1240,1570,2610,3170
13471128,RICHMOND R 1128,4185962,Nov-22,530,250,410,1160,1440
13471128,RICHMOND R 1128,3193924,Nov-22,1460,0,0,1670,2570
13471128,RICHMOND R 1128,4277092,Nov-22,480,250,410,690,840
13471128,RICHMOND R 1128,4364971,Nov-22,1600,30,40,2150,3270
13471128,RICHMOND R 1128,3807410,Nov-22,1640,30,40,2140,3440
13471128,RICHMOND R 1128,4450712,Nov-22,530,250,410,1160,1440
13471128,RICHMOND R 1128,3988933,Nov-22,770,30,40,1190,1440
13471128,RICHMOND R 1128,4677033,Nov-22,1240,30,40,1660,2020
13471128,RICHMOND R 1128,3930776,Nov-22,4320,1240,1570,6670,9860
13471128,RICHMOND R 1128,4540499,Nov-22,4310,1240,1570,6670,9880
13471128,RICHMOND R 1128,4023861,Nov-22,720,30,40,1190,1440
13471128,RICHMOND R 1128,4698472,Nov-22,4360,1240,1570,10000,10000
13471128,RICHMOND R 1128,4947357,Nov-22,1240,30,40,1660,2020
13471128,RICHMOND R 1128,3458746,Nov-22,4290,1240,1570,8560,10000
13471128,RICHMOND R 1128,5177824,Nov-22,530,250,410,1160,1430
13471128,RICHMOND R 1128,3691337,Nov-22,4320,1240,1570,7050,10000
13471128,RICHMOND R 1128,5345810,Nov-22,1640,30,40,2150,3630
13471128,RICHMOND R 1128,5344205,Nov-22,1540,0,0,2030,2600
13471128,RICHMOND R 1128,5367830,Nov-22,830,30,40,1060,1280
13471128,RICHMOND R 1128,4524000,Nov-22,530,250,410,1160,1440
13471128,RICHMOND R 1128,5024920,Nov-22,3330,30,40,3110,5660
13471128,RICHMOND R 1128,3703374,Nov-22,590,30,40,820,1000
13471128,RICHMOND R 1128,3889809,Nov-22,590,30,40,820,1000
13471128,RICHMOND R 1128,3103067,Nov-22,3190,30,40,3360,6040
13471128,RICHMOND R 1128,3360624,Nov-22,770,250,410,1080,1340
13471128,RICHMOND R 1128,4854500,Nov-22,780,250,410,1080,1340
13471128,RICHMOND R 1128,4232939,Nov-22,3240,250,410,3540,5290
13471128,RICHMOND R 1128,3088997,Nov-22,3360,250,410,3700,5540
13471128,RICHMOND R 1128,3694734,Nov-22,3120,250,410,3490,5210
13471128,RICHMOND R 1128,5050063,Nov-22,140,210,270,210,270
13471128,RICHMOND R 1128,4182246,Nov-22,4270,1240,1570,4270,6310
13471128,RICHMOND R 1128,3298473,Nov-22,4260,1240,1570,4180,6180
13471128,RICHMOND R 1128,3274611,Nov-22,4150,1240,1570,4080,6030
13471128,RICHMOND R 1128,5115049,Nov-22,3850,250,410,4130,6170
13471128,RICHMOND R 1128,5263240,Nov-22,1440,1240,1570,2070,2520
13471128,RICHMOND R 1128,5256597,Nov-22,1440,1240,1570,2070,2520
13471130,RICHMOND R 1130,5323135,Jun-22,350,530,650,530,650
13471130,RICHMOND R 1130,3261903,Jun-22,1960,2010,2610,7010,9350
13471130,RICHMOND R 1130,4001286,Jun-22,1920,30,70,3560,4370
13471130,RICHMOND R 1130,4720161,Jun-22,1920,30,70,3560,4370
13471130,RICHMOND R 1130,3118154,Jun-22,1920,2010,2610,6820,9090
13471130,RICHMOND R 1130,3696064,Jun-22,1930,2010,2610,6870,9170
13471130,RICHMOND R 1130,4961582,Jun-22,1910,2010,2610,6800,9070
13471130,RICHMOND R 1130,4204757,Jun-22,1860,30,70,3570,4380
13471130,RICHMOND R 1130,4721211,Jun-22,1950,2010,2610,7000,9340
13471130,RICHMOND R 1130,3308090,Jun-22,430,1070,1400,1070,1400
13471130,RICHMOND R 1130,3353439,Jun-22,380,410,550,970,1230
13471130,RICHMOND R 1130,4384412,Jun-22,100,130,160,130,160
13471130,RICHMOND R 1130,4165702,Jun-22,2000,2010,2610,7300,9740
13471130,RICHMOND R 1130,4076788,Jun-22,2530,410,550,5970,7290
13471130,RICHMOND R 1130,3145809,Jun-22,2530,410,550,5970,7300
13471130,RICHMOND R 1130,4045641,Jun-22,1920,30,70,3560,4370
13471130,RICHMOND R 1130,5042506,Jun-22,240,320,410,320,410
13471130,RICHMOND R 1130,4007636,Jun-22,1860,30,70,2610,3200
13471130,RICHMOND R 1130,3285237,Jun-22,1910,2010,2610,6780,9040
13471130,RICHMOND R 1130,4477851,Jun-22,1920,30,70,3560,4370
13471130,RICHMOND R 1130,5215400,Jun-22,380,410,550,970,1230
13471130,RICHMOND R 1130,5144113,Jun-22,670,1400,1800,1400,1800
13471130,RICHMOND R 1130,4900928,Jun-22,380,410,550,970,1230
13471130,RICHMOND R 1130,3832313,Jun-22,640,1050,1550,1050,1550
13471130,RICHMOND R 1130,3734143,Jun-22,380,410,550,970,1230
13471130,RICHMOND R 1130,5036198,Jun-22,1860,30,70,2620,3210
13471130,RICHMOND R 1130,3238535,Jun-22,1860,30,70,2610,3200
13471130,RICHMOND R 1130,3887704,Jun-22,380,410,550,970,1230
13471130,RICHMOND R 1130,3064360,Jun-22,1860,30,70,2620,3210
13471130,RICHMOND R 1130,3552617,Jun-22,670,1400,1800,1400,1800
13471130,RICHMOND R 1130,5323666,Jun-22,350,530,650,530,650
13471130,RICHMOND R 1130,5320468,Jun-22,380,550,670,550,670
13471130,RICHMOND R 1130,4693564,Jun-22,1920,30,70,3560,4370
13471130,RICHMOND R 1130,3807796,Jun-22,380,410,550,980,1230
13471130,RICHMOND R 1130,5145689,Jun-22,380,410,550,980,1230
13471130,RICHMOND R 1130,3174361,Jun-22,380,410,550,980,1230
13471130,RICHMOND R 1130,4971663,Jun-22,380,410,550,980,1230
13471130,RICHMOND R 1130,3613608,Jun-22,60,410,550,630,810
13471130,RICHMOND R 1130,3063491,Jun-22,380,410,550,970,1230
13471130,RICHMOND R 1130,5220178,Jun-22,1860,30,70,3570,4390
13471130,RICHMOND R 1130,4102701,Jun-22,430,1070,1400,1070,1400
13471130,RICHMOND R 1130,4101540,Jun-22,2490,410,550,5970,7300
13471130,RICHMOND R 1130,3125865,Jun-22,340,430,530,430,530
13471130,RICHMOND R 1130,4620418,Jun-22,1860,30,70,3570,4380
13471130,RICHMOND R 1130,3033961,Jun-22,380,410,550,970,1230
13471130,RICHMOND R 1130,3939659,Jun-22,1860,30,70,2620,3210
13471130,RICHMOND R 1130,5354748,Jun-22,1620,2010,2610,5970,7980
13471130,RICHMOND R 1130,4953329,Jun-22,630,1400,1790,1400,1790
13471130,RICHMOND R 1130,3323635,Jun-22,680,1400,1790,1400,1790
13471130,RICHMOND R 1130,3905700,Jun-22,1420,2010,2610,2310,2820
13471130,RICHMOND R 1130,3264892,Jun-22,670,1400,1790,1400,1790
13471130,RICHMOND R 1130,3982169,Jun-22,670,1400,1790,1400,1790
13471130,RICHMOND R 1130,3854605,Jun-22,2110,2010,2610,2830,3450
13471130,RICHMOND R 1130,4938627,Jun-22,50,130,160,130,160
13471130,RICHMOND R 1130,4208763,Jun-22,100,130,160,130,160
13471130,RICHMOND R 1130,3261636,Jun-22,2540,2010,2610,8860,10000
13471130,RICHMOND R 1130,5014165,Jun-22,1600,2010,2610,5880,7860
13471130,RICHMOND R 1130,5201904,Jun-22,510,910,1120,910,1120
13471130,RICHMOND R 1130,3232016,Jun-22,2180,2010,2610,8070,10000
13471130,RICHMOND R 1130,4884199,Jun-22,330,410,550,970,1230
13471130,RICHMOND R 1130,3650707,Jun-22,1620,2010,2610,5950,7950
13471130,RICHMOND R 1130,3880254,Jun-22,460,910,1120,910,1120
13471130,RICHMOND R 1130,5001917,Jun-22,2230,2010,2610,8110,10000
13471130,RICHMOND R 1130,3796841,Jun-22,2230,2010,2610,8110,10000
13471130,RICHMOND R 1130,4848124,Jun-22,1620,2010,2610,5970,7980
13471130,RICHMOND R 1130,3366590,Jun-22,610,880,1100,880,1100
13471130,RICHMOND R 1130,3371245,Jun-22,670,1400,1800,1400,1800
13740401,WALL 0401,5101978,Jan-23,0,170,280,170,1180
13740401,WALL 0401,4984596,Jan-23,0,180,280,180,1180
13740401,WALL 0401,4867570,Jan-23,0,210,280,220,460
13740401,WALL 0401,4782443,Jan-23,0,210,280,240,480
13740401,WALL 0401,4327955,Jan-23,0,200,280,200,460
13740401,WALL 0401,3949393,Jan-23,0,210,280,240,1180
13740401,WALL 0401,3464693,Jan-23,0,210,280,240,1180
13740401,WALL 0401,4525712,Jan-23,0,210,280,240,1180
13740401,WALL 0401,5137308,Jan-23,0,210,280,240,1140
13740401,WALL 0401,4428056,Jan-23,0,210,280,240,1180
13740401,WALL 0401,4562294,Jan-23,0,210,280,250,1180
13740401,WALL 0401,4814844,Jan-23,0,190,280,190,1180
13740401,WALL 0401,4295796,Jan-23,0,210,280,250,1180
13740401,WALL 0401,4809579,Jan-23,0,210,280,250,1180
13740401,WALL 0401,4440431,Jan-23,0,150,280,150,1180
13740401,WALL 0401,3048883,Jan-23,0,210,280,240,1130
13740401,WALL 0401,3713444,Jan-23,0,210,280,240,1190
13740401,WALL 0401,4833078,Jan-23,0,210,280,240,1190
13740401,WALL 0401,4416402,Jan-23,0,210,280,240,1190
13740401,WALL 0401,5190724,Jan-23,0,210,280,240,1180
13780401,VIRGINIA 0401,4578034,Jan-23,0,410,550,950,1450
13780401,VIRGINIA 0401,4209298,Jan-23,0,140,220,160,220
